번호,제목
1,2023년 파란사다리 사업 학생 신청 안내
2,2023년도 푸른등대 삼성기부장학금 신청 안내
3,[경기도] 2023년 경기도 학자금대출 장기연체자 신용회복 지원 안내
4,2023년 경기도 학자금대출 장기연체자 신용회복 지원 공고.pdf
5,2023학년도 1학기 가족우대장학금 신청 안내
6,가족우대장학금신청서.hwp
7,[대전지방보훈청] 2023학년도 보훈가족장학 신청 안내
8,2023년 보훈가족장학 신청 안내문 및 신청서(대학장학).hwp
9,[(재)논산시장학회] 2023년 학업장려 장학생 선발 안내
10,[재단법인안산인재육성재단] 2023년 1학기 안산시 대학생 본인부담 등록금 반값지원 안..
11,(재)수림재단 2023년도 신규장학생 선발 안내
12,2023년 국가우수장학금(인문100년/예술체육비전) 학생 신청 안내
13,2023-1학기 중부사랑장학금 신청안내
14,중부사랑장학금신청서_및_개인정보동의서.hwp
번호,제목
1,[민화협] 롯데장학재단-민화협 제4회 독립유공자 후손 장학사업 안내
2,[통영시] 2022년 하반기분 통영시 대학생 학자금 이자 지원 안내
3,2022년 하반기분 통영시 대학생 학자금 이자 지원 공고.hwp
4,2023-1학기 중소기업 취업연계 장학금(희망사다리) 취업지원형 신규장학생 선발 안내
5,2023-1학기 학기중 국가근로장학생 선발자 확인사항 및 교육자료 안내
6,"[충남도인재육성재단] 재능키움, 보금자리, 멘토링활동 장학생 안내"
7,2023-1학기 농림축산식품부 청년창업농육성장학생  추가모집 안내
8,2023학년도 1학기 국가근로(교외/교내) 희망근로지 신청 안내
9,2023년 1학기 국가장학금 2차 신청 안내
10,[필수] 신·편입생 국가장학금 신청 안내
11,2022학년도 동계방학 국가근로장학생 선발자 확인방법 및 교육자료 안내
번호,제목
1,2023년 1학기 농림축산식품부장학금 지원사업 장학생 선발 안내
2,2023년 1학기 푸른등대 기부장학사업 신규장학생 선발 안내
3,붙임. 2023년 1학기 푸른등대 기부장학금 사업계획 및 업무처리기준 (1).pdf
4,2022-2학기 국가장학금2유형 소득분위별 지급액 안내
5,2023년 1학기 재난 피해가구 등록금 지원 안내
6,2023년 1학기 재난장학금 대학 홍보용 포스터.pdf
7,2022학년도 동계방학 국가근로(교내/교외) 희망근로지 신청 안내
8,2023년 1학기 국가장학금 1차 신청 안내
9,[포스터] 2023년 1학기 국가장학금 1차 신청 안내.pdf
10,[한국장학재단] 2023년도 1학기 1차 국가근로장학금 신청기간 안내
11,[한국장학재단] 2022학년도 동계방학 국가근로 집중근로(교외) 신청 안내
12,2023학년도 1학기(수혜학기) 포인트장학금 신청안내
13,2023-1학기 외국어우수장학금 신청 안내
